Location,Sub_Region,Year,Land_Price_Per_SqFt_INR,Inflation_Rate_Percent,Recent_Infra,Metro_Connectivity
Delhi,New Delhi,2000,10727,4.91,True,False
Delhi,New Delhi,2001,11586,3.77,True,False
Delhi,New Delhi,2002,12512,4.30,True,True
Delhi,New Delhi,2003,13513,3.81,True,True
Delhi,New Delhi,2004,14595,3.77,True,True
Delhi,New Delhi,2005,15762,4.25,True,True
Delhi,New Delhi,2006,17023,5.80,True,True
Delhi,New Delhi,2007,18385,6.37,True,True
Delhi,New Delhi,2008,19856,8.35,True,True
Delhi,New Delhi,2009,21444,10.88,True,True
Delhi,New Delhi,2010,23160,12.00,True,True
Delhi,New Delhi,2011,25012,8.86,True,True
Delhi,New Delhi,2012,27013,9.31,True,True
Delhi,New Delhi,2013,29175,10.02,True,True
Delhi,New Delhi,2014,31508,6.67,True,True
Delhi,New Delhi,2015,34029,4.91,True,True
Delhi,New Delhi,2016,36751,4.95,True,True
Delhi,New Delhi,2017,39692,3.33,True,True
Delhi,New Delhi,2018,42867,3.95,True,True
Delhi,New Delhi,2019,46296,3.73,True,True
Delhi,New Delhi,2020,50000,6.20,True,True
Delhi,New Delhi,2021,54000,5.50,True,True
Delhi,New Delhi,2022,58320,5.80,True,True
Delhi,New Delhi,2023,63046,6.00,True,True
Delhi,New Delhi,2024,68179,5.70,True,True
Delhi,New Delhi,2025,72000,5.50,True,True
Delhi,Central Delhi,2000,9655,4.91,True,False
Delhi,Central Delhi,2001,10427,3.77,True,False
Delhi,Central Delhi,2002,11261,4.30,True,True
Delhi,Central Delhi,2003,12162,3.81,True,True
Delhi,Central Delhi,2004,13135,3.77,True,True
Delhi,Central Delhi,2005,14186,4.25,True,True
Delhi,Central Delhi,2006,15321,5.80,True,True
Delhi,Central Delhi,2007,16546,6.37,True,True
Delhi,Central Delhi,2008,17870,8.35,True,True
Delhi,Central Delhi,2009,19300,10.88,True,True
Delhi,Central Delhi,2010,20844,12.00,True,True
Delhi,Central Delhi,2011,22511,8.86,True,True
Delhi,Central Delhi,2012,24312,9.31,True,True
Delhi,Central Delhi,2013,26257,10.02,True,True
Delhi,Central Delhi,2014,28358,6.67,True,True
Delhi,Central Delhi,2015,30626,4.91,True,True
Delhi,Central Delhi,2016,33076,4.95,True,True
Delhi,Central Delhi,2017,35722,3.33,True,True
Delhi,Central Delhi,2018,38580,3.95,True,True
Delhi,Central Delhi,2019,41667,3.73,True,True
Delhi,Central Delhi,2020,45000,6.20,True,True
Delhi,Central Delhi,2021,48600,5.50,True,True
Delhi,Central Delhi,2022,52488,5.80,True,True
Delhi,Central Delhi,2023,56747,6.00,True,True
Delhi,Central Delhi,2024,61402,5.70,True,True
Delhi,Central Delhi,2025,65000,5.50,True,True
Delhi,North Delhi,2000,2575,4.91,True,False
Delhi,North Delhi,2001,2781,3.77,True,False
Delhi,North Delhi,2002,3003,4.30,True,True
Delhi,North Delhi,2003,3243,3.81,True,True
Delhi,North Delhi,2004,3503,3.77,True,True
Delhi,North Delhi,2005,3783,4.25,True,True
Delhi,North Delhi,2006,4086,5.80,True,True
Delhi,North Delhi,2007,4412,6.37,True,True
Delhi,North Delhi,2008,4765,8.35,True,True
Delhi,North Delhi,2009,5147,10.88,True,True
Delhi,North Delhi,2010,5558,12.00,True,True
Delhi,North Delhi,2011,6003,8.86,True,True
Delhi,North Delhi,2012,6483,9.31,True,True
Delhi,North Delhi,2013,7002,10.02,True,True
Delhi,North Delhi,2014,7562,6.67,True,True
Delhi,North Delhi,2015,8167,4.91,True,True
Delhi,North Delhi,2016,8820,4.95,True,True
Delhi,North Delhi,2017,9526,3.33,True,True
Delhi,North Delhi,2018,10288,3.95,True,True
Delhi,North Delhi,2019,11111,3.73,True,True
Delhi,North Delhi,2020,12000,6.20,True,True
Delhi,North Delhi,2021,13200,5.50,True,True
Delhi,North Delhi,2022,14520,5.80,True,True
Delhi,North Delhi,2023,15972,6.00,True,True
Delhi,North Delhi,2024,17569,5.70,True,True
Delhi,North Delhi,2025,19000,5.50,True,True
Delhi,South Delhi,2000,6436,4.91,True,False
Delhi,South Delhi,2001,6951,3.77,True,False
Delhi,South Delhi,2002,7507,4.30,True,True
Delhi,South Delhi,2003,8108,3.81,True,True
Delhi,South Delhi,2004,8757,3.77,True,True
Delhi,South Delhi,2005,9457,4.25,True,True
Delhi,South Delhi,2006,10214,5.80,True,True
Delhi,South Delhi,2007,11031,6.37,True,True
Delhi,South Delhi,2008,11913,8.35,True,True
Delhi,South Delhi,2009,12866,10.88,True,True
Delhi,South Delhi,2010,13896,12.00,True,True
Delhi,South Delhi,2011,15007,8.86,True,True
Delhi,South Delhi,2012,16208,9.31,True,True
Delhi,South Delhi,2013,17505,10.02,True,True
Delhi,South Delhi,2014,18905,6.67,True,True
Delhi,South Delhi,2015,20417,4.91,True,True
Delhi,South Delhi,2016,22051,4.95,True,True
Delhi,South Delhi,2017,23815,3.33,True,True
Delhi,South Delhi,2018,25720,3.95,True,True
Delhi,South Delhi,2019,27778,3.73,True,True
Delhi,South Delhi,2020,30000,6.20,True,True
Delhi,South Delhi,2021,32400,5.50,True,True
Delhi,South Delhi,2022,34992,5.80,True,True
Delhi,South Delhi,2023,37831,6.00,True,True
Delhi,South Delhi,2024,40935,5.70,True,True
Delhi,South Delhi,2025,45000,5.50,True,True
Delhi,East Delhi,2000,2145,4.91,True,False
Delhi,East Delhi,2001,2317,3.77,True,False
Delhi,East Delhi,2002,2502,4.30,True,True
Delhi,East Delhi,2003,2703,3.81,True,True
Delhi,East Delhi,2004,2919,3.77,True,True
Delhi,East Delhi,2005,3152,4.25,True,True
Delhi,East Delhi,2006,3405,5.80,True,True
Delhi,East Delhi,2007,3677,6.37,True,True
Delhi,East Delhi,2008,3971,8.35,True,True
Delhi,East Delhi,2009,4289,10.88,True,True
Delhi,East Delhi,2010,4632,12.00,True,True
Delhi,East Delhi,2011,5002,8.86,True,True
Delhi,East Delhi,2012,5403,9.31,True,True
Delhi,East Delhi,2013,5835,10.02,True,True
Delhi,East Delhi,2014,6302,6.67,True,True
Delhi,East Delhi,2015,6806,4.91,True,True
Delhi,East Delhi,2016,7350,4.95,True,True
Delhi,East Delhi,2017,7938,3.33,True,True
Delhi,East Delhi,2018,8573,3.95,True,True
Delhi,East Delhi,2019,9259,3.73,True,True
Delhi,East Delhi,2020,10000,6.20,True,True
Delhi,East Delhi,2021,11000,5.50,True,True
Delhi,East Delhi,2022,12100,5.80,True,True
Delhi,East Delhi,2023,13310,6.00,True,True
Delhi,East Delhi,2024,14641,5.70,True,True
Delhi,East Delhi,2025,16000,5.50,True,True
Delhi,North East Delhi,2000,1716,4.91,True,False
Delhi,North East Delhi,2001,1854,3.77,True,False
Delhi,North East Delhi,2002,2002,4.30,True,True
Delhi,North East Delhi,2003,2162,3.81,True,True
Delhi,North East Delhi,2004,2335,3.77,True,True
Delhi,North East Delhi,2005,2522,4.25,True,True
Delhi,North East Delhi,2006,2724,5.80,True,True
Delhi,North East Delhi,2007,2942,6.37,True,True
Delhi,North East Delhi,2008,3177,8.35,True,True
Delhi,North East Delhi,2009,3431,10.88,True,True
Delhi,North East Delhi,2010,3706,12.00,True,True
Delhi,North East Delhi,2011,4002,8.86,True,True
Delhi,North East Delhi,2012,4322,9.31,True,True
Delhi,North East Delhi,2013,4668,10.02,True,True
Delhi,North East Delhi,2014,5041,6.67,True,True
Delhi,North East Delhi,2015,5445,4.91,True,True
Delhi,North East Delhi,2016,5880,4.95,True,True
Delhi,North East Delhi,2017,6351,3.33,True,True
Delhi,North East Delhi,2018,6859,3.95,True,True
Delhi,North East Delhi,2019,7407,3.73,True,True
Delhi,North East Delhi,2020,8000,6.20,True,True
Delhi,North East Delhi,2021,8800,5.50,True,True
Delhi,North East Delhi,2022,9680,5.80,True,True
Delhi,North East Delhi,2023,10648,6.00,True,True
Delhi,North East Delhi,2024,11713,5.70,True,True
Delhi,North East Delhi,2025,13000,5.50,True,True
Delhi,North West Delhi,2000,1931,4.91,True,False
Delhi,North West Delhi,2001,2085,3.77,True,False
Delhi,North West Delhi,2002,2252,4.30,True,True
Delhi,North West Delhi,2003,2432,3.81,True,True
Delhi,North West Delhi,2004,2627,3.77,True,True
Delhi,North West Delhi,2005,2837,4.25,True,True
Delhi,North West Delhi,2006,3064,5.80,True,True
Delhi,North West Delhi,2007,3309,6.37,True,True
Delhi,North West Delhi,2008,3574,8.35,True,True
Delhi,North West Delhi,2009,3860,10.88,True,True
Delhi,North West Delhi,2010,4169,12.00,True,True
Delhi,North West Delhi,2011,4502,8.86,True,True
Delhi,North West Delhi,2012,4862,9.31,True,True
Delhi,North West Delhi,2013,5251,10.02,True,True
Delhi,North West Delhi,2014,5672,6.67,True,True
Delhi,North West Delhi,2015,6125,4.91,True,True
Delhi,North West Delhi,2016,6615,4.95,True,True
Delhi,North West Delhi,2017,7144,3.33,True,True
Delhi,North West Delhi,2018,7716,3.95,True,True
Delhi,North West Delhi,2019,8333,3.73,True,True
Delhi,North West Delhi,2020,9000,6.20,True,True
Delhi,North West Delhi,2021,9900,5.50,True,True
Delhi,North West Delhi,2022,10890,5.80,True,True
Delhi,North West Delhi,2023,11979,6.00,True,True
Delhi,North West Delhi,2024,13177,5.70,True,True
Delhi,North West Delhi,2025,14500,5.50,True,True
Delhi,South West Delhi,2000,2360,4.91,True,False
Delhi,South West Delhi,2001,2549,3.77,True,False
Delhi,South West Delhi,2002,2753,4.30,True,True
Delhi,South West Delhi,2003,2973,3.81,True,True
Delhi,South West Delhi,2004,3211,3.77,True,True
Delhi,South West Delhi,2005,3468,4.25,True,True
Delhi,South West Delhi,2006,3745,5.80,True,True
Delhi,South West Delhi,2007,4045,6.37,True,True
Delhi,South West Delhi,2008,4368,8.35,True,True
Delhi,South West Delhi,2009,4718,10.88,True,True
Delhi,South West Delhi,2010,5095,12.00,True,True
Delhi,South West Delhi,2011,5503,8.86,True,True
Delhi,South West Delhi,2012,5943,9.31,True,True
Delhi,South West Delhi,2013,6418,10.02,True,True
Delhi,South West Delhi,2014,6932,6.67,True,True
Delhi,South West Delhi,2015,7486,4.91,True,True
Delhi,South West Delhi,2016,8085,4.95,True,True
Delhi,South West Delhi,2017,8732,3.33,True,True
Delhi,South West Delhi,2018,9431,3.95,True,True
Delhi,South West Delhi,2019,10185,3.73,True,True
Delhi,South West Delhi,2020,11000,6.20,True,True
Delhi,South West Delhi,2021,12100,5.50,True,True
Delhi,South West Delhi,2022,13310,5.80,True,True
Delhi,South West Delhi,2023,14641,6.00,True,True
Delhi,South West Delhi,2024,16105,5.70,True,True
Delhi,South West Delhi,2025,17500,5.50,True,True
Delhi,South East Delhi,2000,2038,4.91,True,False
Delhi,South East Delhi,2001,2201,3.77,True,False
Delhi,South East Delhi,2002,2377,4.30,True,True
Delhi,South East Delhi,2003,2568,3.81,True,True
Delhi,South East Delhi,2004,2773,3.77,True,True
Delhi,South East Delhi,2005,2995,4.25,True,True
Delhi,South East Delhi,2006,3234,5.80,True,True
Delhi,South East Delhi,2007,3493,6.37,True,True
Delhi,South East Delhi,2008,3773,8.35,True,True
Delhi,South East Delhi,2009,4074,10.88,True,True
Delhi,South East Delhi,2010,4400,12.00,True,True
Delhi,South East Delhi,2011,4752,8.86,True,True
Delhi,South East Delhi,2012,5133,9.31,True,True
Delhi,South East Delhi,2013,5543,10.02,True,True
Delhi,South East Delhi,2014,5987,6.67,True,True
Delhi,South East Delhi,2015,6466,4.91,True,True
Delhi,South East Delhi,2016,6983,4.95,True,True
Delhi,South East Delhi,2017,7541,3.33,True,True
Delhi,South East Delhi,2018,8145,3.95,True,True
Delhi,South East Delhi,2019,8796,3.73,True,True
Delhi,South East Delhi,2020,9500,6.20,True,True
Delhi,South East Delhi,2021,10450,5.50,True,True
Delhi,South East Delhi,2022,11495,5.80,True,True
Delhi,South East Delhi,2023,12645,6.00,True,True
Delhi,South East Delhi,2024,13909,5.70,True,True
Delhi,South East Delhi,2025,15000,5.50,True,True
Delhi,Shahdara,2000,1824,4.91,True,False
Delhi,Shahdara,2001,1970,3.77,True,False
Delhi,Shahdara,2002,2127,4.30,True,True
Delhi,Shahdara,2003,2297,3.81,True,True
Delhi,Shahdara,2004,2481,3.77,True,True
Delhi,Shahdara,2005,2680,4.25,True,True
Delhi,Shahdara,2006,2894,5.80,True,True
Delhi,Shahdara,2007,3125,6.37,True,True
Delhi,Shahdara,2008,3375,8.35,True,True
Delhi,Shahdara,2009,3646,10.88,True,True
Delhi,Shahdara,2010,3937,12.00,True,True
Delhi,Shahdara,2011,4252,8.86,True,True
Delhi,Shahdara,2012,4592,9.31,True,True
Delhi,Shahdara,2013,4960,10.02,True,True
Delhi,Shahdara,2014,5356,6.67,True,True
Delhi,Shahdara,2015,5785,4.91,True,True
Delhi,Shahdara,2016,6248,4.95,True,True
Delhi,Shahdara,2017,6748,3.33,True,True
Delhi,Shahdara,2018,7287,3.95,True,True
Delhi,Shahdara,2019,7870,3.73,True,True
Delhi,Shahdara,2020,8500,6.20,True,True
Delhi,Shahdara,2021,9350,5.50,True,True
Delhi,Shahdara,2022,10285,5.80,True,True
Delhi,Shahdara,2023,11314,6.00,True,True
Delhi,Shahdara,2024,12445,5.70,True,True
Delhi,Shahdara,2025,13500,5.50,True,True
Delhi,West Delhi,2000,2253,4.91,True,False
Delhi,West Delhi,2001,2433,3.77,True,False
Delhi,West Delhi,2002,2628,4.30,True,True
Delhi,West Delhi,2003,2838,3.81,True,True
Delhi,West Delhi,2004,3065,3.77,True,True
Delhi,West Delhi,2005,3310,4.25,True,True
Delhi,West Delhi,2006,3575,5.80,True,True
Delhi,West Delhi,2007,3861,6.37,True,True
Delhi,West Delhi,2008,4170,8.35,True,True
Delhi,West Delhi,2009,4503,10.88,True,True
Delhi,West Delhi,2010,4864,12.00,True,True
Delhi,West Delhi,2011,5253,8.86,True,True
Delhi,West Delhi,2012,5673,9.31,True,True
Delhi,West Delhi,2013,6127,10.02,True,True
Delhi,West Delhi,2014,6617,6.67,True,True
Delhi,West Delhi,2015,7146,4.91,True,True
Delhi,West Delhi,2016,7718,4.95,True,True
Delhi,West Delhi,2017,8335,3.33,True,True
Delhi,West Delhi,2018,9002,3.95,True,True
Delhi,West Delhi,2019,9722,3.73,True,True
Delhi,West Delhi,2020,10500,6.20,True,True
Delhi,West Delhi,2021,11550,5.50,True,True
Delhi,West Delhi,2022,12705,5.80,True,True
Delhi,West Delhi,2023,13976,6.00,True,True
Delhi,West Delhi,2024,15373,5.70,True,True
Delhi,West Delhi,2025,16500,5.50,True,True
Faridabad,Sector 16,2000,751,4.91,True,False
Faridabad,Sector 16,2001,811,3.77,True,False
Faridabad,Sector 16,2002,876,4.30,True,False
Faridabad,Sector 16,2003,946,3.81,True,False
Faridabad,Sector 16,2004,1022,3.77,True,False
Faridabad,Sector 16,2005,1103,4.25,True,False
Faridabad,Sector 16,2006,1192,5.80,True,False
Faridabad,Sector 16,2007,1287,6.37,True,False
Faridabad,Sector 16,2008,1390,8.35,True,False
Faridabad,Sector 16,2009,1501,10.88,True,True
Faridabad,Sector 16,2010,1621,12.00,True,True
Faridabad,Sector 16,2011,1751,8.86,True,True
Faridabad,Sector 16,2012,1891,9.31,True,True
Faridabad,Sector 16,2013,2042,10.02,True,True
Faridabad,Sector 16,2014,2206,6.67,True,True
Faridabad,Sector 16,2015,2382,4.91,True,True
Faridabad,Sector 16,2016,2573,4.95,True,True
Faridabad,Sector 16,2017,2778,3.33,True,True
Faridabad,Sector 16,2018,3001,3.95,True,True
Faridabad,Sector 16,2019,3241,3.73,True,True
Faridabad,Sector 16,2020,3500,6.20,True,True
Faridabad,Sector 16,2021,3943,5.50,True,True
Faridabad,Sector 16,2022,4442,5.80,True,True
Faridabad,Sector 16,2023,5004,6.00,True,True
Faridabad,Sector 16,2024,5639,5.70,True,True
Faridabad,Sector 16,2025,6350,5.50,True,True
Faridabad,Sector 21,2000,701,4.91,True,False
Faridabad,Sector 21,2001,757,3.77,True,False
Faridabad,Sector 21,2002,818,4.30,True,False
Faridabad,Sector 21,2003,883,3.81,True,False
Faridabad,Sector 21,2004,954,3.77,True,False
Faridabad,Sector 21,2005,1030,4.25,True,False
Faridabad,Sector 21,2006,1112,5.80,True,False
Faridabad,Sector 21,2007,1201,6.37,True,False
Faridabad,Sector 21,2008,1297,8.35,True,False
Faridabad,Sector 21,2009,1401,10.88,True,True
Faridabad,Sector 21,2010,1513,12.00,True,True
Faridabad,Sector 21,2011,1634,8.86,True,True
Faridabad,Sector 21,2012,1765,9.31,True,True
Faridabad,Sector 21,2013,1906,10.02,True,True
Faridabad,Sector 21,2014,2059,6.67,True,True
Faridabad,Sector 21,2015,2223,4.91,True,True
Faridabad,Sector 21,2016,2401,4.95,True,True
Faridabad,Sector 21,2017,2593,3.33,True,True
Faridabad,Sector 21,2018,2800,3.95,True,True
Faridabad,Sector 21,2019,3024,3.73,True,True
Faridabad,Sector 21,2020,3266,6.20,True,True
Faridabad,Sector 21,2021,3679,5.50,True,True
Faridabad,Sector 21,2022,4144,5.80,True,True
Faridabad,Sector 21,2023,4669,6.00,True,True
Faridabad,Sector 21,2024,5260,5.70,True,True
Faridabad,Sector 21,2025,5925,5.50,True,True
Faridabad,NIT Faridabad,2000,652,4.91,True,False
Faridabad,NIT Faridabad,2001,704,3.77,True,False
Faridabad,NIT Faridabad,2002,760,4.30,True,False
Faridabad,NIT Faridabad,2003,821,3.81,True,False
Faridabad,NIT Faridabad,2004,887,3.77,True,False
Faridabad,NIT Faridabad,2005,958,4.25,True,False
Faridabad,NIT Faridabad,2006,1034,5.80,True,False
Faridabad,NIT Faridabad,2007,1117,6.37,True,False
Faridabad,NIT Faridabad,2008,1206,8.35,True,False
Faridabad,NIT Faridabad,2009,1303,10.88,True,True
Faridabad,NIT Faridabad,2010,1407,12.00,True,True
Faridabad,NIT Faridabad,2011,1520,8.86,True,True
Faridabad,NIT Faridabad,2012,1641,9.31,True,True
Faridabad,NIT Faridabad,2013,1773,10.02,True,True
Faridabad,NIT Faridabad,2014,1914,6.67,True,True
Faridabad,NIT Faridabad,2015,2067,4.91,True,True
Faridabad,NIT Faridabad,2016,2233,4.95,True,True
Faridabad,NIT Faridabad,2017,2411,3.33,True,True
Faridabad,NIT Faridabad,2018,2604,3.95,True,True
Faridabad,NIT Faridabad,2019,2812,3.73,True,True
Faridabad,NIT Faridabad,2020,3037,6.20,True,True
Faridabad,NIT Faridabad,2021,3421,5.50,True,True
Faridabad,NIT Faridabad,2022,3853,5.80,True,True
Faridabad,NIT Faridabad,2023,4342,6.00,True,True
Faridabad,NIT Faridabad,2024,4891,5.70,True,True
Faridabad,NIT Faridabad,2025,5500,5.50,True,True
Ghaziabad,Indirapuram,2000,687,4.91,True,False
Ghaziabad,Indirapuram,2001,741,3.77,True,False
Ghaziabad,Indirapuram,2002,801,4.30,True,False
Ghaziabad,Indirapuram,2003,865,3.81,True,False
Ghaziabad,Indirapuram,2004,934,3.77,True,False
Ghaziabad,Indirapuram,2005,1009,4.25,True,False
Ghaziabad,Indirapuram,2006,1089,5.80,True,False
Ghaziabad,Indirapuram,2007,1177,6.37,True,False
Ghaziabad,Indirapuram,2008,1271,8.35,True,False
Ghaziabad,Indirapuram,2009,1372,10.88,True,True
Ghaziabad,Indirapuram,2010,1482,12.00,True,True
Ghaziabad,Indirapuram,2011,1601,8.86,True,True
Ghaziabad,Indirapuram,2012,1729,9.31,True,True
Ghaziabad,Indirapuram,2013,1867,10.02,True,True
Ghaziabad,Indirapuram,2014,2017,6.67,True,True
Ghaziabad,Indirapuram,2015,2178,4.91,True,True
Ghaziabad,Indirapuram,2016,2352,4.95,True,True
Ghaziabad,Indirapuram,2017,2540,3.33,True,True
Ghaziabad,Indirapuram,2018,2743,3.95,True,True
Ghaziabad,Indirapuram,2019,2963,3.73,True,True
Ghaziabad,Indirapuram,2020,3200,6.20,True,True
Ghaziabad,Indirapuram,2021,3605,5.50,True,True
Ghaziabad,Indirapuram,2022,4061,5.80,True,True
Ghaziabad,Indirapuram,2023,4575,6.00,True,True
Ghaziabad,Indirapuram,2024,5155,5.70,True,True
Ghaziabad,Indirapuram,2025,5800,5.50,True,True
Ghaziabad,Vaishali,2000,751,4.91,True,False
Ghaziabad,Vaishali,2001,811,3.77,True,False
Ghaziabad,Vaishali,2002,876,4.30,True,False
Ghaziabad,Vaishali,2003,946,3.81,True,False
Ghaziabad,Vaishali,2004,1022,3.77,True,False
Ghaziabad,Vaishali,2005,1103,4.25,True,False
Ghaziabad,Vaishali,2006,1192,5.80,True,False
Ghaziabad,Vaishali,2007,1287,6.37,True,False
Ghaziabad,Vaishali,2008,1390,8.35,True,False
Ghaziabad,Vaishali,2009,1501,10.88,True,True
Ghaziabad,Vaishali,2010,1621,12.00,True,True
Ghaziabad,Vaishali,2011,1751,8.86,True,True
Ghaziabad,Vaishali,2012,1891,9.31,True,True
Ghaziabad,Vaishali,2013,2042,10.02,True,True
Ghaziabad,Vaishali,2014,2206,6.67,True,True
Ghaziabad,Vaishali,2015,2382,4.91,True,True
Ghaziabad,Vaishali,2016,2573,4.95,True,True
Ghaziabad,Vaishali,2017,2778,3.33,True,True
Ghaziabad,Vaishali,2018,3001,3.95,True,True
Ghaziabad,Vaishali,2019,3241,3.73,True,True
Ghaziabad,Vaishali,2020,3500,6.20,True,True
Ghaziabad,Vaishali,2021,3943,5.50,True,True
Ghaziabad,Vaishali,2022,4442,5.80,True,True
Ghaziabad,Vaishali,2023,5004,6.00,True,True
Ghaziabad,Vaishali,2024,5639,5.70,True,True
Ghaziabad,Vaishali,2025,6350,5.50,True,True
Ghaziabad,Vasundhara,2000,672,4.91,True,False
Ghaziabad,Vasundhara,2001,726,3.77,True,False
Ghaziabad,Vasundhara,2002,784,4.30,True,False
Ghaziabad,Vasundhara,2003,847,3.81,True,False
Ghaziabad,Vasundhara,2004,914,3.77,True,False
Ghaziabad,Vasundhara,2005,987,4.25,True,False
Ghaziabad,Vasundhara,2006,1066,5.80,True,False
Ghaziabad,Vasundhara,2007,1151,6.37,True,False
Ghaziabad,Vasundhara,2008,1243,8.35,True,False
Ghaziabad,Vasundhara,2009,1343,10.88,True,True
Ghaziabad,Vasundhara,2010,1450,12.00,True,True
Ghaziabad,Vasundhara,2011,1566,8.86,True,True
Ghaziabad,Vasundhara,2012,1691,9.31,True,True
Ghaziabad,Vasundhara,2013,1827,10.02,True,True
Ghaziabad,Vasundhara,2014,1973,6.67,True,True
Ghaziabad,Vasundhara,2015,2130,4.91,True,True
Ghaziabad,Vasundhara,2016,2300,4.95,True,True
Ghaziabad,Vasundhara,2017,2484,3.33,True,True
Ghaziabad,Vasundhara,2018,2683,3.95,True,True
Ghaziabad,Vasundhara,2019,2898,3.73,True,True
Ghaziabad,Vasundhara,2020,3130,6.20,True,True
Ghaziabad,Vasundhara,2021,3525,5.50,True,True
Ghaziabad,Vasundhara,2022,3970,5.80,True,True
Ghaziabad,Vasundhara,2023,4472,6.00,True,True
Ghaziabad,Vasundhara,2024,5039,5.70,True,True
Ghaziabad,Vasundhara,2025,5670,5.50,True,True
Ghaziabad,Raj Nagar Extension,2000,618,4.91,True,False
Ghaziabad,Raj Nagar Extension,2001,667,3.77,True,False
Ghaziabad,Raj Nagar Extension,2002,721,4.30,True,False
Ghaziabad,Raj Nagar Extension,2003,779,3.81,True,False
Ghaziabad,Raj Nagar Extension,2004,841,3.77,True,False
Ghaziabad,Raj Nagar Extension,2005,908,4.25,True,False
Ghaziabad,Raj Nagar Extension,2006,981,5.80,True,False
Ghaziabad,Raj Nagar Extension,2007,1059,6.37,True,False
Ghaziabad,Raj Nagar Extension,2008,1144,8.35,True,False
Ghaziabad,Raj Nagar Extension,2009,1236,10.88,True,True
Ghaziabad,Raj Nagar Extension,2010,1334,12.00,True,True
Ghaziabad,Raj Nagar Extension,2011,1441,8.86,True,True
Ghaziabad,Raj Nagar Extension,2012,1556,9.31,True,True
Ghaziabad,Raj Nagar Extension,2013,1681,10.02,True,True
Ghaziabad,Raj Nagar Extension,2014,1815,6.67,True,True
Ghaziabad,Raj Nagar Extension,2015,1960,4.91,True,True
Ghaziabad,Raj Nagar Extension,2016,2117,4.95,True,True
Ghaziabad,Raj Nagar Extension,2017,2286,3.33,True,True
Ghaziabad,Raj Nagar Extension,2018,2470,3.95,True,True
Ghaziabad,Raj Nagar Extension,2019,2667,3.73,True,True
Ghaziabad,Raj Nagar Extension,2020,2880,6.20,True,True
Ghaziabad,Raj Nagar Extension,2021,3244,5.50,True,True
Ghaziabad,Raj Nagar Extension,2022,3655,5.80,True,True
Ghaziabad,Raj Nagar Extension,2023,4118,6.00,True,True
Ghaziabad,Raj Nagar Extension,2024,4639,5.70,True,True
Ghaziabad,Raj Nagar Extension,2025,5220,5.50,True,True
Ghaziabad,Crossings Republik,2000,606,4.91,True,False
Ghaziabad,Crossings Republik,2001,654,3.77,True,False
Ghaziabad,Crossings Republik,2002,707,4.30,True,False
Ghaziabad,Crossings Republik,2003,763,3.81,True,False
Ghaziabad,Crossings Republik,2004,824,3.77,True,False
Ghaziabad,Crossings Republik,2005,890,4.25,True,False
Ghaziabad,Crossings Republik,2006,961,5.80,True,False
Ghaziabad,Crossings Republik,2007,1038,6.37,True,False
Ghaziabad,Crossings Republik,2008,1121,8.35,True,False
Ghaziabad,Crossings Republik,2009,1211,10.88,True,True
Ghaziabad,Crossings Republik,2010,1308,12.00,True,True
Ghaziabad,Crossings Republik,2011,1413,8.86,True,True
Ghaziabad,Crossings Republik,2012,1526,9.31,True,True
Ghaziabad,Crossings Republik,2013,1648,10.02,True,True
Ghaziabad,Crossings Republik,2014,1780,6.67,True,True
Ghaziabad,Crossings Republik,2015,1922,4.91,True,True
Ghaziabad,Crossings Republik,2016,2076,4.95,True,True
Ghaziabad,Crossings Republik,2017,2242,3.33,True,True
Ghaziabad,Crossings Republik,2018,2421,3.95,True,True
Ghaziabad,Crossings Republik,2019,2615,3.73,True,True
Ghaziabad,Crossings Republik,2020,2825,6.20,True,True
Ghaziabad,Crossings Republik,2021,3182,5.50,True,True
Ghaziabad,Crossings Republik,2022,3584,5.80,True,True
Ghaziabad,Crossings Republik,2023,4037,6.00,True,True
Ghaziabad,Crossings Republik,2024,4548,5.70,True,True
Ghaziabad,Crossings Republik,2025,5120,5.50,True,True
Greater Noida,Sector Alpha,2000,717,4.91,True,False
Greater Noida,Sector Alpha,2001,774,3.77,True,False
Greater Noida,Sector Alpha,2002,836,4.30,True,False
Greater Noida,Sector Alpha,2003,903,3.81,True,False
Greater Noida,Sector Alpha,2004,975,3.77,True,False
Greater Noida,Sector Alpha,2005,1053,4.25,True,False
Greater Noida,Sector Alpha,2006,1137,5.80,True,False
Greater Noida,Sector Alpha,2007,1228,6.37,True,False
Greater Noida,Sector Alpha,2008,1326,8.35,True,False
Greater Noida,Sector Alpha,2009,1432,10.88,True,False
Greater Noida,Sector Alpha,2010,1547,12.00,True,False
Greater Noida,Sector Alpha,2011,1671,8.86,True,False
Greater Noida,Sector Alpha,2012,1804,9.31,True,False
Greater Noida,Sector Alpha,2013,1949,10.02,True,False
Greater Noida,Sector Alpha,2014,2105,6.67,True,False
Greater Noida,Sector Alpha,2015,2273,4.91,True,False
Greater Noida,Sector Alpha,2016,2455,4.95,True,False
Greater Noida,Sector Alpha,2017,2651,3.33,True,True
Greater Noida,Sector Alpha,2018,2864,3.95,True,True
Greater Noida,Sector Alpha,2019,3093,3.73,True,True
Greater Noida,Sector Alpha,2020,3340,6.20,True,True
Greater Noida,Sector Alpha,2021,3908,5.50,True,True
Greater Noida,Sector Alpha,2022,4574,5.80,True,True
Greater Noida,Sector Alpha,2023,5352,6.00,True,True
Greater Noida,Sector Alpha,2024,6262,5.70,True,True
Greater Noida,Sector Alpha,2025,6600,5.50,True,True
Greater Noida,Sector Beta,2000,687,4.91,True,False
Greater Noida,Sector Beta,2001,741,3.77,True,False
Greater Noida,Sector Beta,2002,801,4.30,True,False
Greater Noida,Sector Beta,2003,865,3.81,True,False
Greater Noida,Sector Beta,2004,934,3.77,True,False
Greater Noida,Sector Beta,2005,1009,4.25,True,False
Greater Noida,Sector Beta,2006,1089,5.80,True,False
Greater Noida,Sector Beta,2007,1177,6.37,True,False
Greater Noida,Sector Beta,2008,1271,8.35,True,False
Greater Noida,Sector Beta,2009,1372,10.88,True,False
Greater Noida,Sector Beta,2010,1482,12.00,True,False
Greater Noida,Sector Beta,2011,1601,8.86,True,False
Greater Noida,Sector Beta,2012,1729,9.31,True,False
Greater Noida,Sector Beta,2013,1867,10.02,True,False
Greater Noida,Sector Beta,2014,2017,6.67,True,False
Greater Noida,Sector Beta,2015,2178,4.91,True,False
Greater Noida,Sector Beta,2016,2352,4.95,True,False
Greater Noida,Sector Beta,2017,2540,3.33,True,True
Greater Noida,Sector Beta,2018,2743,3.95,True,True
Greater Noida,Sector Beta,2019,2963,3.73,True,True
Greater Noida,Sector Beta,2020,3200,6.20,True,True
Greater Noida,Sector Beta,2021,3744,5.50,True,True
Greater Noida,Sector Beta,2022,4381,5.80,True,True
Greater Noida,Sector Beta,2023,5125,6.00,True,True
Greater Noida,Sector Beta,2024,5996,5.70,True,True
Greater Noida,Sector Beta,2025,6325,5.50,True,True
Greater Noida,Sector Chi,2000,657,4.91,True,False
Greater Noida,Sector Chi,2001,710,3.77,True,False
Greater Noida,Sector Chi,2002,767,4.30,True,False
Greater Noida,Sector Chi,2003,828,3.81,True,False
Greater Noida,Sector Chi,2004,894,3.77,True,False
Greater Noida,Sector Chi,2005,966,4.25,True,False
Greater Noida,Sector Chi,2006,1043,5.80,True,False
Greater Noida,Sector Chi,2007,1127,6.37,True,False
Greater Noida,Sector Chi,2008,1217,8.35,True,False
Greater Noida,Sector Chi,2009,1314,10.88,True,False
Greater Noida,Sector Chi,2010,1420,12.00,True,False
Greater Noida,Sector Chi,2011,1533,8.86,True,False
Greater Noida,Sector Chi,2012,1656,9.31,True,False
Greater Noida,Sector Chi,2013,1788,10.02,True,False
Greater Noida,Sector Chi,2014,1931,6.67,True,False
Greater Noida,Sector Chi,2015,2086,4.91,True,False
Greater Noida,Sector Chi,2016,2253,4.95,True,False
Greater Noida,Sector Chi,2017,2433,3.33,True,True
Greater Noida,Sector Chi,2018,2628,3.95,True,True
Greater Noida,Sector Chi,2019,2838,3.73,True,True
Greater Noida,Sector Chi,2020,3065,6.20,True,True
Greater Noida,Sector Chi,2021,3587,5.50,True,True
Greater Noida,Sector Chi,2022,4197,5.80,True,True
Greater Noida,Sector Chi,2023,4910,6.00,True,True
Greater Noida,Sector Chi,2024,5745,5.70,True,True
Greater Noida,Sector Chi,2025,6060,5.50,True,True
Gurgaon,Sector 56,2000,1319,4.91,True,False
Gurgaon,Sector 56,2001,1425,3.77,True,False
Gurgaon,Sector 56,2002,1539,4.30,True,False
Gurgaon,Sector 56,2003,1662,3.81,True,False
Gurgaon,Sector 56,2004,1795,3.77,True,False
Gurgaon,Sector 56,2005,1939,4.25,True,False
Gurgaon,Sector 56,2006,2094,5.80,True,False
Gurgaon,Sector 56,2007,2261,6.37,True,False
Gurgaon,Sector 56,2008,2442,8.35,True,False
Gurgaon,Sector 56,2009,2638,10.88,True,True
Gurgaon,Sector 56,2010,2849,12.00,True,True
Gurgaon,Sector 56,2011,3077,8.86,True,True
Gurgaon,Sector 56,2012,3323,9.31,True,True
Gurgaon,Sector 56,2013,3588,10.02,True,True
Gurgaon,Sector 56,2014,3876,6.67,True,True
Gurgaon,Sector 56,2015,4186,4.91,True,True
Gurgaon,Sector 56,2016,4520,4.95,True,True
Gurgaon,Sector 56,2017,4882,3.33,True,True
Gurgaon,Sector 56,2018,5273,3.95,True,True
Gurgaon,Sector 56,2019,5694,3.73,True,True
Gurgaon,Sector 56,2020,6150,6.20,True,True
Gurgaon,Sector 56,2021,6926,5.50,True,True
Gurgaon,Sector 56,2022,7802,5.80,True,True
Gurgaon,Sector 56,2023,8790,6.00,True,True
Gurgaon,Sector 56,2024,9901,5.70,True,True
Gurgaon,Sector 56,2025,11300,5.50,True,True
Gurgaon,Sector 83,2000,1195,4.91,True,False
Gurgaon,Sector 83,2001,1291,3.77,True,False
Gurgaon,Sector 83,2002,1394,4.30,True,False
Gurgaon,Sector 83,2003,1506,3.81,True,False
Gurgaon,Sector 83,2004,1626,3.77,True,False
Gurgaon,Sector 83,2005,1756,4.25,True,False
Gurgaon,Sector 83,2006,1897,5.80,True,False
Gurgaon,Sector 83,2007,2048,6.37,True,False
Gurgaon,Sector 83,2008,2212,8.35,True,False
Gurgaon,Sector 83,2009,2389,10.88,True,True
Gurgaon,Sector 83,2010,2580,12.00,True,True
Gurgaon,Sector 83,2011,2786,8.86,True,True
Gurgaon,Sector 83,2012,3009,9.31,True,True
Gurgaon,Sector 83,2013,3250,10.02,True,True
Gurgaon,Sector 83,2014,3510,6.67,True,True
Gurgaon,Sector 83,2015,3790,4.91,True,True
Gurgaon,Sector 83,2016,4094,4.95,True,True
Gurgaon,Sector 83,2017,4421,3.33,True,True
Gurgaon,Sector 83,2018,4775,3.95,True,True
Gurgaon,Sector 83,2019,5157,3.73,True,True
Gurgaon,Sector 83,2020,5570,6.20,True,True
Gurgaon,Sector 83,2021,6274,5.50,True,True
Gurgaon,Sector 83,2022,7068,5.80,True,True
Gurgaon,Sector 83,2023,7963,6.00,True,True
Gurgaon,Sector 83,2024,8971,5.70,True,True
Gurgaon,Sector 83,2025,10240,5.50,True,True
Gurgaon,DLF Phase 5,2000,1438,4.91,True,False
Gurgaon,DLF Phase 5,2001,1553,3.77,True,False
Gurgaon,DLF Phase 5,2002,1677,4.30,True,False
Gurgaon,DLF Phase 5,2003,1811,3.81,True,False
Gurgaon,DLF Phase 5,2004,1956,3.77,True,False
Gurgaon,DLF Phase 5,2005,2113,4.25,True,False
Gurgaon,DLF Phase 5,2006,2282,5.80,True,False
Gurgaon,DLF Phase 5,2007,2465,6.37,True,False
Gurgaon,DLF Phase 5,2008,2662,8.35,True,False
Gurgaon,DLF Phase 5,2009,2875,10.88,True,True
Gurgaon,DLF Phase 5,2010,3105,12.00,True,True
Gurgaon,DLF Phase 5,2011,3353,8.86,True,True
Gurgaon,DLF Phase 5,2012,3621,9.31,True,True
Gurgaon,DLF Phase 5,2013,3911,10.02,True,True
Gurgaon,DLF Phase 5,2014,4224,6.67,True,True
Gurgaon,DLF Phase 5,2015,4562,4.91,True,True
Gurgaon,DLF Phase 5,2016,4927,4.95,True,True
Gurgaon,DLF Phase 5,2017,5321,3.33,True,True
Gurgaon,DLF Phase 5,2018,5747,3.95,True,True
Gurgaon,DLF Phase 5,2019,6207,3.73,True,True
Gurgaon,DLF Phase 5,2020,6703,6.20,True,True
Gurgaon,DLF Phase 5,2021,7548,5.50,True,True
Gurgaon,DLF Phase 5,2022,8502,5.80,True,True
Gurgaon,DLF Phase 5,2023,9578,6.00,True,True
Gurgaon,DLF Phase 5,2024,10788,5.70,True,True
Gurgaon,DLF Phase 5,2025,12315,5.50,True,True
Gurgaon,Golf Course Road,2000,1557,4.91,True,False
Gurgaon,Golf Course Road,2001,1681,3.77,True,False
Gurgaon,Golf Course Road,2002,1816,4.30,True,False
Gurgaon,Golf Course Road,2003,1961,3.81,True,False
Gurgaon,Golf Course Road,2004,2118,3.77,True,False
Gurgaon,Golf Course Road,2005,2287,4.25,True,False
Gurgaon,Golf Course Road,2006,2470,5.80,True,False
Gurgaon,Golf Course Road,2007,2668,6.37,True,False
Gurgaon,Golf Course Road,2008,2881,8.35,True,False
Gurgaon,Golf Course Road,2009,3112,10.88,True,True
Gurgaon,Golf Course Road,2010,3361,12.00,True,True
Gurgaon,Golf Course Road,2011,3629,8.86,True,True
Gurgaon,Golf Course Road,2012,3920,9.31,True,True
Gurgaon,Golf Course Road,2013,4233,10.02,True,True
Gurgaon,Golf Course Road,2014,4572,6.67,True,True
Gurgaon,Golf Course Road,2015,4938,4.91,True,True
Gurgaon,Golf Course Road,2016,5333,4.95,True,True
Gurgaon,Golf Course Road,2017,5759,3.33,True,True
Gurgaon,Golf Course Road,2018,6220,3.95,True,True
Gurgaon,Golf Course Road,2019,6718,3.73,True,True
Gurgaon,Golf Course Road,2020,7255,6.20,True,True
Gurgaon,Golf Course Road,2021,8172,5.50,True,True
Gurgaon,Golf Course Road,2022,9204,5.80,True,True
Gurgaon,Golf Course Road,2023,10366,6.00,True,True
Gurgaon,Golf Course Road,2024,11671,5.70,True,True
Gurgaon,Golf Course Road,2025,13330,5.50,True,True
Noida,Sector 62,2000,1029,4.91,True,False
Noida,Sector 62,2001,1111,3.77,True,False
Noida,Sector 62,2002,1200,4.30,True,False
Noida,Sector 62,2003,1296,3.81,True,False
Noida,Sector 62,2004,1400,3.77,True,False
Noida,Sector 62,2005,1512,4.25,True,False
Noida,Sector 62,2006,1633,5.80,True,False
Noida,Sector 62,2007,1763,6.37,True,False
Noida,Sector 62,2008,1904,8.35,True,True
Noida,Sector 62,2009,2056,10.88,True,True
Noida,Sector 62,2010,2221,12.00,True,True
Noida,Sector 62,2011,2399,8.86,True,True
Noida,Sector 62,2012,2591,9.31,True,True
Noida,Sector 62,2013,2798,10.02,True,True
Noida,Sector 62,2014,3022,6.67,True,True
Noida,Sector 62,2015,3263,4.91,True,True
Noida,Sector 62,2016,3524,4.95,True,True
Noida,Sector 62,2017,3806,3.33,True,True
Noida,Sector 62,2018,4111,3.95,True,True
Noida,Sector 62,2019,4440,3.73,True,True
Noida,Sector 62,2020,4795,6.20,True,True
Noida,Sector 62,2021,5610,5.50,True,True
Noida,Sector 62,2022,6564,5.80,True,True
Noida,Sector 62,2023,7679,6.00,True,True
Noida,Sector 62,2024,8985,5.70,True,True
Noida,Sector 62,2025,9200,5.50,True,True
Noida,Sector 137,2000,978,4.91,True,False
Noida,Sector 137,2001,1056,3.77,True,False
Noida,Sector 137,2002,1141,4.30,True,False
Noida,Sector 137,2003,1232,3.81,True,False
Noida,Sector 137,2004,1330,3.77,True,False
Noida,Sector 137,2005,1437,4.25,True,False
Noida,Sector 137,2006,1552,5.80,True,False
Noida,Sector 137,2007,1676,6.37,True,False
Noida,Sector 137,2008,1810,8.35,True,True
Noida,Sector 137,2009,1955,10.88,True,True
Noida,Sector 137,2010,2111,12.00,True,True
Noida,Sector 137,2011,2280,8.86,True,True
Noida,Sector 137,2012,2462,9.31,True,True
Noida,Sector 137,2013,2659,10.02,True,True
Noida,Sector 137,2014,2871,6.67,True,True
Noida,Sector 137,2015,3100,4.91,True,True
Noida,Sector 137,2016,3348,4.95,True,True
Noida,Sector 137,2017,3616,3.33,True,True
Noida,Sector 137,2018,3905,3.95,True,True
Noida,Sector 137,2019,4218,3.73,True,True
Noida,Sector 137,2020,4555,6.20,True,True
Noida,Sector 137,2021,5329,5.50,True,True
Noida,Sector 137,2022,6235,5.80,True,True
Noida,Sector 137,2023,7295,6.00,True,True
Noida,Sector 137,2024,8535,5.70,True,True
Noida,Sector 137,2025,8740,5.50,True,True
Noida,Sector 50,2000,1080,4.91,True,False
Noida,Sector 50,2001,1166,3.77,True,False
Noida,Sector 50,2002,1260,4.30,True,False
Noida,Sector 50,2003,1360,3.81,True,False
Noida,Sector 50,2004,1470,3.77,True,False
Noida,Sector 50,2005,1587,4.25,True,False
Noida,Sector 50,2006,1714,5.80,True,False
Noida,Sector 50,2007,1851,6.37,True,False
Noida,Sector 50,2008,1999,8.35,True,True
Noida,Sector 50,2009,2159,10.88,True,True
Noida,Sector 50,2010,2332,12.00,True,True
Noida,Sector 50,2011,2518,8.86,True,True
Noida,Sector 50,2012,2720,9.31,True,True
Noida,Sector 50,2013,2937,10.02,True,True
Noida,Sector 50,2014,3172,6.67,True,True
Noida,Sector 50,2015,3426,4.91,True,True

